name,kind,item,start,end,time_note,location,url,status
Eu-SPRI Early Career Autumn School 2026,school,event,2026-10-19,2026-10-23,,"CIRCLE, Lund University",https://euspri-forum.eu/early-career-autumn-school-responsible-ai-for-stip/,confirmed
Pavia Winter School 2027 (4th) — applications close,school,deadline,2026-10-24,2026-10-24,,,https://sites.google.com/view/geographyofinnovation-pavia/home-page,confirmed
WINGS#2 — extended abstract deadline,workshop,deadline,2026-10-27,2026-10-27,,,https://sites.google.com/view/wingsworkshop,expected
WEFI Student-Led Workshop 2026 (8th),workshop,event,2026-11-02,2026-11-02,,Online (Zoom),https://workshop-efi.com/student-led-workshop/,confirmed
ZEW Conference on the Economics of Innovation and Patenting 2026 (11th),conference,event,2026-11-05,2026-11-06,,"ZEW, Mannheim",https://www.zew.de/en/events-and-professional-training/detail/11th-zew-conference-on-the-economics-of-innovation-and-patenting/4960,confirmed
MaCCI Annual Conference 2027 — submission deadline,conference,deadline,2026-11-15,2026-11-15,,,https://www.macci-mannheim.eu/,expected
DRUID Academy 2027 — abstract deadline,workshop,deadline,2026-11-22,2026-11-22,"twelve noon, your local time",,https://conference.druid.dk/Druid/?confId=73,confirmed
Atlanta Conference 2027 — abstract deadline (if held),conference,deadline,2026-11-22,2026-11-22,,,https://atlconf.spp.gatech.edu/,expected
DRUID27 — submissions open,conference,opens,2026-12-01,2026-12-01,,,https://conference.druid.dk/Druid/?confId=74,confirmed
RISE9 Workshop,workshop,event,2026-12-14,2026-12-15,,"Max Planck Institute for Innovation and Competition, Munich",https://www.ip.mpg.de/en/research/innovation-and-entrepreneurship-research/rise-workshop.html,confirmed
DRUID Academy 2027 — registration and payment,workshop,deadline,2026-12-15,2026-12-15,,,https://conference.druid.dk/Druid/?confId=73,confirmed
CCC Doctoral Conference 2027 — nominations,workshop,deadline,2026-12-15,2026-12-15,,,https://www.ccc-community.org/,expected
WINDS 2027 — submission deadline,workshop,deadline,2027-01-04,2027-01-04,,,https://mackinstitute.wharton.upenn.edu/students/wharton-innovation-doctoral-symposium/,expected
TSE Digital Economics Conference 2027 (19th),conference,event,2027-01-07,2027-01-08,,"Toulouse School of Economics",https://www.tse-fr.eu/conferences/2027-19th-digital-economics-conference,confirmed
WOEPS 2027 (20th) — submission deadline,conference,deadline,2027-01-07,2027-01-07,,,https://woeps.carloalberto.org/,expected
IIOC 2027 — submission deadline,conference,deadline,2027-01-10,2027-01-10,,,https://www.indorgsociety.org/conference,expected
Pavia Winter School 2027 (4th),school,event,2027-01-11,2027-01-15,,"University of Pavia",https://sites.google.com/view/geographyofinnovation-pavia/home-page,confirmed
DRUID Academy 2027,workshop,event,2027-01-20,2027-01-22,,"University of Southern Denmark, Odense",https://conference.druid.dk/Druid/?confId=73,confirmed
Munich Summer Institute 2027 — submission deadline,conference,deadline,2027-02-08,2027-02-08,,,https://www.munich-summer-institute.org/,expected
NBER Innovation Research Boot Camp 2027 — application deadline,school,deadline,2027-02-12,2027-02-12,,,https://www.nber.org/programs-projects/programs-working-groups/productivity-innovation-and-entrepreneurship,expected
Eu-SPRI Annual Conference 2027 — abstract deadline,conference,deadline,2027-02-16,2027-02-16,,,https://euspri-forum.eu/,expected
DRUID27 — submission deadline,conference,deadline,2027-03-01,2027-03-01,before midnight at the scholar's location,,https://conference.druid.dk/Druid/?confId=74,confirmed
SEIF 2027 — application deadline,school,deadline,2027-03-05,2027-03-05,,,https://seif3.lakecomoschool.org/,expected
MaCCI Annual Conference 2027,conference,event,2027-03-11,2027-03-12,,"ZEW, Mannheim",https://www.macci-mannheim.eu/,confirmed
EARIE 2027 — submission deadline,conference,deadline,2027-03-15,2027-03-15,,,https://www.zew.de/en/events-and-professional-training/detail/53rd-annual-conference-of-earie/4852,expected
NBER Summer Institute 2027 — submission deadline,conference,deadline,2027-03-26,2027-03-26,,,https://www.nber.org/conferences/summer-institute-2026,expected
STI-ENID 2027 — submission deadline,conference,deadline,2027-03-30,2027-03-30,,,https://www.ircres.cnr.it/en/sti-enid-2026-comes-to-a-close-in-antwerp-2027-edition-to-be-held-in-rome/,expected
KID Summer School 2027 — application deadline,school,deadline,2027-03-31,2027-03-31,,,https://kid2026.sciencesconf.org/,expected
ICSSI 2027 — submission deadline,conference,deadline,2027-04-06,2027-04-06,,,https://icssi.org/,expected
Eu-SPRI Early Career Conference 2027,conference,event,2027-04-13,2027-04-13,,"University of Vaasa",https://euspri-forum.eu/,confirmed
Eu-SPRI Thematic Conference 2027,conference,event,2027-04-14,2027-04-16,,"University of Vaasa",https://euspri-forum.eu/,confirmed
IIOC 2027 (25th),conference,event,2027-04-30,2027-05-02,,"Hilton Baltimore Inner Harbor, Baltimore",https://www.indorgsociety.org/conference,confirmed
EPIP 2027 — submission deadline,conference,deadline,2027-05-03,2027-05-03,,,https://www.epip.eu/epip-conferences,expected
ST&I Summer School 2027 — submission deadline,school,deadline,2027-05-08,2027-05-08,,,https://stisummerschool.org/,expected
Globelics 2027 — full paper deadline (if held),conference,deadline,2027-05-16,2027-05-16,,,https://globelics.com/activity-type/event/,expected
MSI PhD Workshop 2027 (6th),workshop,event,2027-05-31,2027-05-31,,Munich,https://www.munich-summer-institute.org/,confirmed
Munich Summer Institute 2027 (11th),conference,event,2027-06-01,2027-06-03,,Munich,https://www.munich-summer-institute.org/,confirmed
Eu-SPRI Annual Conference 2027,conference,event,2027-06-09,2027-06-11,,"Leiden University",https://euspri-forum.eu/,confirmed
DRUID27,conference,event,2027-06-14,2027-06-16,,"Copenhagen Business School",https://conference.druid.dk/Druid/?confId=74,confirmed
DAISY Summer School 2027 — application deadline,school,deadline,2027-06-19,2027-06-19,,,https://www.daisy-summerschool.it/,expected
Doctoral Workshop on the Economics of Digitization 2027 (10th),workshop,event,2027-06-28,2027-06-29,,"Isola di San Servolo, Venice",https://www.digital-economics.org/,confirmed
CISS 2027 — submission deadline,school,deadline,2027-06-30,2027-06-30,,,https://euro-ciss.eu/,expected
RISE10 — submission deadline,workshop,deadline,2027-07-24,2027-07-24,,,https://www.ip.mpg.de/en/research/innovation-and-entrepreneurship-research/rise-workshop.html,expected
Bessemer Symposium 2027 — submission deadline,workshop,deadline,2027-08-04,2027-08-04,,,https://sites.google.com/sheffield.ac.uk/bessemersymposium/home,expected
Eu-SPRI Early Career Autumn School 2027 — application deadline,school,deadline,2027-08-16,2027-08-16,,,https://euspri-forum.eu/,expected
WEFI Fall Series 2027 — submission deadline,workshop,deadline,2027-08-20,2027-08-20,,,https://workshop-efi.com/call-for-papers/,expected
TSE Digital Economics Conference 2028 — submission deadline,conference,deadline,2027-09-01,2027-09-01,,,https://www.tse-fr.eu/conferences/2027-19th-digital-economics-conference,expected
STI-ENID 2027 (31st),conference,event,2027-09-08,2027-09-10,,Rome,https://www.ircres.cnr.it/en/sti-enid-2026-comes-to-a-close-in-antwerp-2027-edition-to-be-held-in-rome/,confirmed
WEFI Student-Led Workshop 2027 — submission deadline,workshop,deadline,2027-09-30,2027-09-30,,,https://workshop-efi.com/student-led-workshop/,expected
